isrc,recording_count,recording_ids,work_count,work_ids,work_titles
BRMUD1200015,0,,0,,
BRBMG7300066,1,f6b9d8b7-35d8-4df4-be7f-1c4f94d4dbd5,1,3aeadba4-dd58-4f45-a53e-f83a6bc31ffb,Bala Com Bala
BRMCA0500178,0,,0,,
BRBMG7500014,1,4a5990b0-fe94-45bf-b057-3c866b32eb8d,1,285c9313-5f0a-4479-baf9-b34291f5dc76,De frente pro crime
BRBMG7900036,0,,0,,
BRBMG7700187,0,,0,,
BRBMG7500028,1,d797e14d-065a-42b2-afd5-ddd79523b3bb,0,,
BRBMG7500145,1,32a7bffb-5fb9-427f-ade1-87b30bae5153,0,,
BRMCA7400172,0,,0,,
BRBMG7700126,0,,0,,
BRWMB9801411,0,,0,,
BRBMG7600190,0,,0,,
BRBMG7600115,0,,0,,
BRVLS0200015,0,,0,,
BRBMG7500015,1,06f50058-ea70-41d2-a7cb-ee03e7fead83,1,4f695723-d8df-403f-a1e4-c8c884b5aa52,Kid Cavaquinho
BRBMG0900094,0,,0,,
BRBMG7900035,0,,0,,
BRSME8900004,0,,0,,
BRBMG7600044,0,,0,,
BRBMG7600041,0,,0,,
BRMCA7400023,0,,0,,
BRBMG7600116,0,,0,,
BRSME9100044,0,,0,,
BRSME8600088,0,,0,,
BRBMG7500191,1,5a98a779-46a0-4245-ae0e-c66eff7cd13b,0,,
BRBMG7600040,0,,0,,
BRSME0000297,0,,0,,
BRUM70601242,0,,0,,
BRMCA8200014,0,,0,,
BRSME8600012,0,,0,,
BRLUM9900002,0,,0,,
BRBMG7700186,0,,0,,
BRMCA0500180,0,,0,,
BRLUM9300009,0,,0,,
BRBMG7500194,1,184be948-49b3-40bb-873c-63b9c35334d9,0,,
BRMUD2000018,0,,0,,
BRMCA8200120,0,,0,,
BRWMB9701651,0,,0,,
BRSME8900073,0,,0,,
BRBMG8000183,0,,0,,
BRSME8500151,0,,0,,
BRPGD8400006,0,,0,,
BRBMG7500198,1,5a1917bf-9200-4d2a-a98d-2e3134673ba9,0,,
BRBMG8000189,0,,0,,
BRBMG8000190,0,,0,,
BRBMG0900099,0,,0,,
BRWMB9901229,0,,0,,
BRBMG7700127,0,,0,,
BRMCA7600129,1,7b0c688d-9803-44c6-a532-f0d1a17db205,0,,
BRMCA7700177,0,,0,,
BRUM70700055,0,,0,,
BRUM70601236,0,,0,,
BRPGD6800029,1,609bb5d9-61ed-466e-8f72-ad16be0ae7fb,1,55d4b879-744a-316f-8456-585369d59928,Baby
BRUM70601178,1,701be267-89bc-4f7a-83f5-0043b51647e4,0,,
BRUM70500380,1,4fd83e1e-ffd5-4f87-a0cc-bd53b28b3444,1,0f7bedb1-ba73-46f8-8320-9de80d76eade,Cinema Olympia
BRMCA7700176,0,,0,,
BRPGD6700006,1,42b02794-d83b-4ff6-9c0f-9b090b71ca96,1,ae829b9f-5ac0-46e3-b310-4aa215338c06,Coração vagabundo
BRUM70601093,1,02a269c7-7bf0-4c5d-8e46-8e80f7a93d96,0,,
BRMCA7500189,0,,0,,
BRMCA6700224,1,47c9cd18-646b-4afa-b847-f3aff261d243,1,0d2a314d-f468-4df0-8e52-790198851e3e,Avarandado
BRPGD7900011,0,,0,,
BRMCA8200175,0,,0,,
BRSME7100218,0,,0,,
BRUM70801308,0,,0,,
BRMCA8600131,0,,0,,
BRMCA7400206,1,f1a7262b-2231-493f-9520-92a446362463,1,f7f5887a-bbf1-4329-ace4-39b8e1fcfcbe,"Lua, lua, lua, lua"
BRMCA8100225,0,,0,,
BRPGD8300008,0,,0,,
BRMCA8200165,0,,0,,
BRUM70500083,0,,0,,
BRMCA8100214,0,,0,,
BRUM70601083,0,,0,,
BRUM70601113,0,,0,,
BRMCA7100136,0,,0,,
BRUM71100253,0,,0,,
BRUM70601177,1,8881f2ac-22ad-4556-9f7d-ac5967fa1b54,0,,
BRPGD7900013,0,,0,,
BRPGD9700693,1,1de562f2-4a4c-448d-ac7f-6575eb10413f,1,799c0b29-17ac-4842-a2cb-fbf9356120fc,"Minha voz, minha vida"
BRWMB9705465,1,3d227551-884e-4d66-93c9-98ad5c2e0e2b,1,f9a487cc-a964-44a3-9cc7-02b534bb1954,Menino do Rio
BRUM70601092,1,a04a7192-0942-43a4-a511-2757cf5f5e54,0,,
BRMCA0500280,0,,0,,
BRPGD9800680,1,4acb7a92-6574-4ed7-b0ae-9a1de536b7b2,0,,
BRMCA8100255,0,,0,,
BRMCA7800175,0,,0,,
BRPGD6900012,2,92630737-c99a-4f2d-9d9b-29a169f5ba3a 9435e852-19dc-47ce-9fb8-8ad8eb9c4821,1,9d065fef-f79f-4873-b853-f02d24c6c35c,Não identificado
BRPGD8000036,0,,0,,
BRUM71200153,0,,0,,
BRPGD7700005,0,,0,,
BRUM70700064,0,,0,,
BRMCA7100151,0,,0,,
BRUM70700051,0,,0,,
USWWW0126922,0,,0,,
BRMCA7800155,0,,0,,
BRMCA0500794,0,,0,,
BRUM70700058,0,,0,,
BRMCA8100217,0,,0,,
BRPGD7800012,1,a8740cab-36f4-467d-8b9b-201153bb2185,1,d6bb0042-07a5-4fff-80b5-2ebea520d111,Sampa
BRUM70601096,1,4d9249ec-4792-4b1c-b546-b0c875d7dd1a,0,,
BRSGL6600001,1,bfb6a023-0389-47b1-9d24-41d49977015b,1,4e2daadc-c8fd-3431-bee7-bc60d749bb98,A banda
BRSGL6600003,1,a5d8a416-3e87-445f-8cd1-137275767d72,1,f87387aa-6b27-449d-a6ba-a63f45db4a0d,A Rita
BRPGD7400024,1,e0902752-6fe6-489c-a0a7-d591bf9505d7,1,de0079be-64c4-491e-be23-40bdc8666036,"Acorda, amor"
BRPGD7000021,1,a8f27e30-29e7-4e1d-bc0c-5307a345520a,1,6d00d681-a826-4b98-9701-6cbd83091d86,Agora falando sério
BRPAD7200002,1,a9ca087e-1793-408c-be1c-9e39a7894b99,0,,
BRBMG9300015,1,dabda050-0c9d-4dfa-ab77-3fd1bc4638da,1,08fb6417-dd93-4408-9c37-76711d85c8e1,Biscate
BRPGD7800024,3,ef3d0c66-4d7a-4bab-8b3c-0f3634635290 6af7dffe-5fc4-4b0e-8b6d-fe9a53f98ff8 67539da5-9f60-41fa-990b-2edc05193cfc,1,0355ae0a-5251-4b21-b212-663a82fb55ec,Apesar de você
BRMCA0500203,1,7c141f10-3ea9-4657-8f7b-318d1e2c24fd,1,845a0b03-be28-427d-a45d-4af0e1003770,"Bye bye, Brasil"
BRPGD7800015,1,9d87f217-3a5a-4f3d-9265-693bbcb9a942,1,7034b08d-e102-4274-862e-32561141099e,Cálice
BRSGL6800005,1,e2999e74-4a8a-480e-be44-db3ac4cb94d8,1,9bd4cbef-4292-4051-a2d8-392651eef670,Carolina
BRMCA6700074,0,,0,,
BRPGD7100036,2,7e2cec5f-d2ec-474a-bc54-b9ea718dd561 7f3b3183-4444-48ef-9af2-ae6008770271,2,9779307d-809f-4591-b3f6-50c538f2fe21 9f8f2b02-0186-4d00-a544-31bd648484d7,Construção / Deus Lhe Pague | Construção
BRPGD7100034,1,02c3e866-126b-4811-bb6d-11253e7c880b,1,b17287b0-a52f-4064-a778-ed8c278145a2,Cotidiano
BRPGD7100035,1,a97dcafd-97d2-4c1b-9cbf-d85b92cb7e02,1,8d3bba12-dcb0-47a7-b1d8-ce80e397a804,Desalento
BRSGL6800004,2,66e2dec8-190a-4b20-b578-990a2bc75cb2 0c8756af-c0b4-4078-9a42-bc47e94342e2,1,19cc58fe-2f03-44d1-88c5-924f483c7f6c,Desencontro
BRPAD8000002,1,0095c045-7026-4b91-b6f0-c139594c3834,1,850ca971-d45b-4d90-865a-fb95d120278a,Bastidores
BRSGL6800001,1,2a010fb2-a242-44ff-9506-94fe3be91218,1,ee7ac59c-ea5c-440f-b972-84c4c62a3992,Ela desatinou
BRPGD7300084,1,2f9a3b53-cea9-4525-a1c2-18fa12c03c20,1,3e6d0ed9-42d2-47b3-8506-59b726851f65,Fado tropical
BRPGD7800014,1,fc3fe8ef-edd9-4e51-8491-0506d2da0567,1,3d9792fa-4794-472d-bfd6-59d434449ff0,Feijoada completa
BRBMG9300014,3,dbf496e4-a8d6-45b2-8346-3b7bfcc2c733 0308567d-4878-42c4-ad2e-c2da23233d29 82a888e2-6015-4b46-8bd7-588247cfba88,1,f8ba1b6e-4047-42fd-b86b-646365b87939,Futuros amantes
BRUM71200493,1,f2718348-2137-4d6f-b8b2-4596675c2cf0,0,,
BRPGD7800009,0,,0,,
BRPGD7800018,1,a29228b3-4ed6-4eb3-9ae8-1fdb53d79f74,1,ec1f7fb7-cb31-4e37-9ab8-f6fab62d7e19,Homenagem ao malandro
BRSGL6800003,1,b3b2073a-ee4c-47ea-b3a0-a143d232f93c,1,d8949f93-23ee-4fd2-9ffd-4120fb6b9324,Januária
BR2RA0900095,0,,0,,
BRMCA8000161,1,935dce57-1690-4f75-9c86-7f5e7a444c56,0,,
BRBMG7700019,2,08dcc080-ace4-446a-b26c-4f4f3a21bba3 e1ae82f9-cad0-4a0e-97d2-7001cb92571b,1,6ccd6ece-1075-4ea0-84fd-90a58c90bff7,Maninha
BRPGD7600078,1,d8329754-f75c-451e-87a6-7564af9f8af0,1,d22149ea-cb1e-4aca-93a0-051de8c09d52,Meu caro amigo
BRPUI0700141,0,,0,,
BRPGD7600070,1,e3d6d63e-f6f2-46c5-b618-bd7883dfd9db,0,,
BRPGD7300082,1,1e66e38d-6884-4132-8217-ea167da0c0ec,1,57c76490-5768-4ab7-855c-adcb075cbd26,Não Existe Pecado ao Sul do Equador / Boi Voador Não Pode
BRMCA6700036,1,e16c7bb9-f148-47ea-8ac8-068abb35d97c,2,581c0633-fb80-498e-bd6e-0339d1ae3fde 7f65c5d4-d8cb-4299-b072-8c164e6db714,Noite dos mascarados | Noite dos mascarados
BRPGD8700017,1,38bc029e-3708-4479-a566-f8067b5e128d,0,,
BRSGL6600010,1,23a79017-e5bc-42e8-a072-3e0226e36cd9,1,5a9331b9-996e-4aec-a12e-a7be18568ec1,"Olê, olá"
BRPGD7600071,1,ac7adb54-062f-4333-b66f-4aa3f89fd974,0,,
BRSGL6600006,1,63f9cae9-7f8c-47dc-8785-6de92de8dff3,1,731c58f2-c7ae-424a-81b0-3a16beba26be,Pedro pedreiro
BRPUI0700139,0,,0,,
BRSGL6800006,1,36671e59-79bf-4560-b544-3884befb6454,1,bceba7df-fbda-4070-a0f1-b4bce3d48bcd,Roda Viva
BRPGD7100039,3,2ecb7b31-66c1-4f66-8f42-3a49067595a4 0debfa26-bd0b-4712-94ac-5fce602e7a28 bc63c4be-5ed0-4c45-bbfb-67d6c76a03fc,1,c7a867fc-fccc-4b2a-a5b6-36bfb10505b0,Samba de Orly
BRSGL6800009,1,5834b06f-5a26-4bf5-8d7d-9ce4f30f16c2,1,fe88e297-2bf1-465b-8931-d1b1f0a2c205,Sem fantasia
BRPGD7000025,1,16fe0b83-a4b0-4b4d-b2ee-e2878b881c82,1,99073725-3803-4ded-83bb-4833c31dccff,Samba e amor
BREMI7900155,0,,0,,
BRMCA7600134,1,619c27cb-0ef6-48b9-981d-c087590ad13a,0,,
BRPGD7600073,1,e9e5d849-f38c-4e96-9287-481026e4a3b4,1,92aef697-ad68-43b1-b9ae-83366d504b0f,Vai trabalhar vagabundo
BRRGE9300006,0,,0,,
BRBMG9300020,1,3b7049dc-3aec-4afa-81aa-1f0af50782b3,1,278d2fde-e174-4e7c-a8cb-9a1fc322ec1c,De volta ao samba
BRPGD8000011,1,2b764c84-7375-4e8b-8ec9-004d7490e267,0,,
BRBMG9300009,3,9aa8a0b5-e2c4-4cbc-9a1a-502e18510d3d 4d32e217-7f0c-4807-ab14-a2d3caa7e9ef 45cfd4c8-0a16-4b34-960b-d8b4f50bf27f,1,3c60ca8b-e5cc-4012-9b58-a41e325dd4d5,Paratodos
BRPGD8400007,1,95f4cb02-2abc-407a-ae3d-75ad0c746fde,0,,
BRPGD8400011,1,28c5cdb8-15ef-408a-89dc-31018d398471,0,,
BRSGL7600021,3,6b2def08-1ce7-442d-8c33-b0bcb71f7e12 6ecd7a85-4bbf-4888-9139-e46381324ec8 7a55d3af-6939-4d7b-871e-1c1e363f2d8a,1,f85e3955-14f2-4a78-9072-c3014663e8aa,Flor de lis
BRSGL7600019,1,efd90b97-4cfd-4dfc-8b8c-754dfa888e91,0,,
BRSME8400053,3,9b586e1e-4103-4b99-8ac4-34a8795e70b8 1a467914-566a-4856-a118-31093d155950 b9872668-4751-4fde-8156-1a3fa5afc09f,1,8eeaec04-d718-4a5f-9ddc-73e0bf479208,Lilás
BRSME9600386,2,918844bd-e2e9-4b43-bb77-baa7fc4dc505 e50c20e0-f8e8-4be9-b010-25b7b0eda255,1,ce9e980b-4aec-4593-b678-acbb5ae51254,Nem Um Dia
BRSGL7600104,2,bdd6a6bf-d7ab-463a-80c4-6e7df04566ab c493bcf0-66a1-43f1-9df4-c0839ec556c0,0,,
BRSME8400056,1,742ef986-d500-4f5b-9bae-0a3b0cd29721,0,,
BRSME9800650,1,180915b1-73df-45f8-860b-a7a930d51c8b,0,,
BRLRO0500004,1,c1b56f15-8e60-4ca4-9885-fcc14f783639,0,,
BRSME8600006,1,3db3546e-ff18-4337-a7bf-ac461f5b06b7,0,,
BRSME0100637,1,904bbf1e-de47-402e-8cec-a006c5dd3026,0,,
BREMI7800018,7,ed04bb95-0a73-4a59-a1c5-c499cddaff9a f377d982-d5a2-4c5f-b59f-c74db57e4f8f 120ebfb0-5582-45b5-a044-04d38fb79c17 32afc5b2-4f26-430f-9738-d15f00d21200 c417f1a5-d1b0-47e0-a362-e84389fe7a19 3d0ac7ff-cc88-4bc3-bc5f-ced36b1f9db8 d6f32db0-57ca-4b04-9d99-3026e4c2187a,1,c4eab098-a00a-4a24-91d6-f4e502db0e4b,Água
BREMI7800019,7,a22d7869-1b2e-41a7-b033-46e40fff665a 606a8e0c-1ab7-420f-94e6-070454ebfa32 0d52f129-1b3f-4e3c-b7ff-566529730e8c ad2abd0f-e4df-421e-8afb-db43e01f0e97 539fe247-ac75-47e2-b105-6fe2fe641ace 74a1a38e-0c07-42f0-8209-d3356bde3bc6 cf3796ce-9ea4-48d0-87c9-6ee430320b17,1,9144b407-876c-42d6-8d63-f016fc4cd98f,Álibi
BRSME8600084,2,8a882c04-a9d0-46b5-afdf-c4bda5526fec 3862fb7c-3ebb-41ba-acc7-b1f55d8578b9,0,,
BRSME0100639,1,d2c9f62b-3b95-4823-98bf-7873aecec2ce,0,,
BREMI7800203,5,660ed537-d3e1-474d-8824-0c1e62d8e193 ecf0cbc3-ab14-4193-a29d-d3c2c5a6083c b91d19fc-110e-4103-90ce-a6a726d2af80 812cabb2-5403-47d9-9566-e9379a69fba6 2974e8b8-230f-47db-9d31-5440b58e3f73,1,704b5471-ae64-4b56-9b7f-6c3494f1d5d0,Numa esquina de Hanoi
BRSME8600083,2,817dd924-48f7-4c38-bbc9-e8929805652c d63eb003-22f3-4b79-83dc-f9c68cdccc21,0,,
BREMI7800029,3,121f25f5-e291-4a39-ab4f-d9b0bc8e923c 0cf05603-3e0e-4f1d-aebf-3c59c6d628b2 ea4f6ab5-978e-4785-83e5-06cda8107e43,1,3cf5ebf1-898b-46da-be00-df415a6ffb7d,Nereci
BREMI8400022,6,7b9f3204-7016-4577-a1cd-3adc8154cb8c 8b2ba4a4-b024-4f8c-bd4d-9a77dac15165 301af423-2efe-4ace-85ce-e663f17c0555 547936b8-b1bf-4a96-b34f-9df68bfade8d acac359e-59fe-48cb-98a8-d0e09e9a8095 ff0b9faf-6a66-4b8a-bab4-5d4f71fe7ca8,1,a8b6217f-0b80-4fea-98a7-f927a25f4417,Samba dobrado
BRSME8700060,1,7ea884cc-ae51-4dea-8a59-742b9a96e395,0,,
BREMI7800102,6,cb02c8af-c7aa-4f46-a8eb-66fbe93a2ed5 60735d01-ad3e-4b1c-a2d1-07f20e3b08ea 239ee772-bbe9-4a0d-afe0-5eace968480b 7919232f-6bb7-47a9-9f83-b842e88ede89 c6cf5927-6727-4d0e-bbcb-b119264c48d7 c2601646-b0e2-43cb-a9b0-4eb2f745e3f4,1,0e92afca-9639-45f5-a036-b85c1599b8fe,Dupla Traica
BRSME8900064,2,cbf7b478-2bbd-4409-bf7c-c03d7846b283 316b7601-ac26-4451-a228-aec2281d6e2e,1,b98ba9ff-5c01-4ba6-83c1-405b127aedeb,Oceano
BREMI7800034,6,cefacf7a-b6d5-4299-bde5-23372fa0f82a 339410d2-4056-49df-ada5-93ebc3a50798 81329ef9-62c2-42ed-ad02-21918015ce48 70da03d9-b2c2-4870-ba16-cddea8c60209 f2d256bb-9e33-4aae-a89d-808d44df068f 39181841-b006-47ad-88f5-f5293bd78af2,1,6f564f3d-9ae9-4182-b9de-40415975c268,Alagoas
BREMI7800033,6,84caa6f7-0548-40f7-b448-adffd4e73595 80834411-d1f6-448d-b930-169476eec796 eb712e81-165d-409c-aaa6-b7b59ccb1c73 4395f1af-14f4-4949-aadc-2ba00f7093b4 01cd0045-fc13-49f6-ae3d-fb9bd616ec72 5f83dc68-adb7-4c24-ab23-d07a7b54b2c6,1,7f2336e6-c314-4aab-a0bf-6be156738db1,Estoria De Cantador
BRSME8900070,2,9aeb6407-a68a-47fb-af77-0e8c0fdd9810 b0020c04-d152-4fde-941a-4a6f48761fda,0,,
BREMI7900029,5,e1c1097e-97e3-412f-9ea7-63d3defb93de 1ab96dc3-d8c8-4ca9-9f32-6fbac3aea896 6c606126-a0b4-48a6-8fba-3b22278d74be 75927e1b-4bc5-4323-b54d-2435026d75b2 60b29a73-2d75-4b8b-b82f-ac9a84843395,0,,
BREMI7900028,5,e1957296-2c87-4ccc-9915-e323122b06f9 d27426c0-36b6-454f-a9d4-4dd85e725941 cb6ed114-8c9d-4855-a4f6-66b0d665dc81 d0431e22-64cb-4db5-a521-e1af3a604c15 c62b5183-b514-4537-8110-6d391de1a394,1,18027247-bb88-3b45-b089-6f7f35277497,Lambada de Serpente
BREMI7900026,7,3e7275b7-3ef0-4e00-9c24-5348288736b7 2d103d9d-6bd8-435a-977c-ff7754119ed2 acc8bc4b-6e1b-4cce-8e12-ccd5544b7ca8 265612c9-6b7e-40ea-982d-3a04ec835ac9 669426e1-84f3-4237-adfd-b785240fc7c7 111dc1a9-d831-4114-b196-a1d72af19352 1b43775b-2ef1-479d-98a2-68596c5c29cf,1,9e557c14-282c-48a2-98d4-e30fff9ba755,Meu bem querer
BREMI7900067,4,8f75adec-999d-4df0-bb60-ea5b047efdb7 f4f256d7-e6ad-48f2-9b04-508cbef1785f 9bbceaf1-03e6-49b1-8b2b-7ba9532efe8e d5e99628-ef4e-4454-9cea-957f90c167d7,0,,
BREMI7900200,2,d0c5aec5-8f0b-490e-9fa8-f9cce297e180 aff4ef1b-a511-4213-b6a1-aa42266f0c40,0,,
BREMI8000054,5,043f223f-e898-4003-a0cd-c78b731dc6b7 1861b85b-3d14-4115-887f-6cb6c3ff7fba abeaf767-4628-4616-b834-c71ffcbbb089 5e6ab4f1-2a1e-4d1c-9b1e-6682204db44b 9958f3ae-e18f-4792-9a55-5762788031b4,0,,
BREMI8100019,7,97304d95-011c-490e-b874-5246c576fd4c c9c6b68c-eb95-4cb2-bafa-c8cd159c7092 b002a09b-9e40-490d-93eb-8237fae6fe4f c23ae57e-d204-4648-a6c1-b072cb222284 8e15e4a5-b0c2-4240-8000-65f786ec7a41 a7b8af30-1a3c-4713-94f9-597c68730e68 fa13297a-54e5-43ac-8c2a-bd6aea58c57a,0,,
BREMI8000018,8,bd9808ec-350c-4983-94a4-1d196c9da724 a7b390c0-d0f3-4bc6-b5f9-9d13e86a5732 a055a254-2b8d-43f9-8fc1-e44cccf93e0d b85d7812-10bb-458d-b8fe-8cfeb7c92d95 3d89e3b4-f74d-43ef-bc93-41c2a75c6ae7 915c7a84-2602-4850-9518-ab2a511357c7 b03c118f-a6a3-407e-bc59-48dac0437a7b a1c51ee8-2162-4176-9d7b-61624eb1e039,0,,
BRSME8200001,2,fcdfd6eb-1cc7-4358-b459-c4c5c816d523 74ff1157-3b10-4402-be8c-d1c19eeb4e3e,1,2158e048-12a6-4cba-ad63-9379d84e5bf6,Samurai
BRSME8200013,1,c15c5a7a-95a2-4780-82c9-a3c7a1910f6e,1,07afdacb-d4ad-456f-942d-bb998cc32d1a,Luz
BRSME8200051,1,36e3517e-5970-43dd-974e-9f8779091dca,1,0bd0d57a-ee97-433c-98be-b8deccccf9b5,Capim
BRSME8200048,3,373189b4-272a-4a21-8530-cc0b10f1e6f5 89d90280-af71-40c9-aed0-789aa1b5fdd4 7c1c1559-ee7e-45f8-8cab-8699050de431,1,5624b325-b222-3e64-a496-bdfe4d1ef174,Sina
BRSME8200027,3,8318c0f2-b00f-40d0-a04e-518702ed6e05 ae6fdfe9-339f-401a-ae10-8858c8af8c50 c98ce430-1101-4021-9832-6d1337b596ed,1,5e5395c9-9623-4b34-9b7e-8f3b06325fb6,Pétala
BRSME8200004,1,502ad80f-da2c-454e-929e-5157fd3b6136,1,106606d3-3aa0-493f-be41-a9646ccce0a0,Açaí
BRSME8200053,1,d49fa47c-4b09-4182-bcb2-7f7cfbe340b7,1,2f652feb-022e-407b-a937-776917ef00e7,Esfinge
BRSME8300089,1,c48d4130-38b4-452a-a918-6b3900255d34,1,fdef4d50-bdf2-40cc-a436-6b38bb34a4b6,Tanta saudade
BRSGL7500028,1,3ab8e918-10ab-4485-9030-37723af37ac2,0,,
BREMI7800005,6,a0f1ba59-66a6-4376-9cf9-31afc1d0dd88 9ccf2e63-8b0e-483e-bdf6-0962a833feae 0e256cab-7968-4c44-8132-8fa4de56ffec 3fa7d909-aeae-46ac-8a8a-4084bc14bf1a 46fd87e6-a45f-498d-8fc6-cf5ad7694439 51f8e9f9-bce3-45eb-b3d6-5980322a2d22,1,381be64c-6b7a-47ba-8984-6988777afce3,Serrado
BRSME8200050,1,7dcb8dae-5a9e-4ce0-b606-311504ea1179,1,e86b28b9-8035-4290-9bc9-8ba011d648a4,Nobreza
BRLRO0700001,1,19b6ecd1-05d0-49b5-864b-2e556a59fdf3,0,,
BRLRO0400002,1,3aaf3551-168a-4978-bc03-0cb3c0ac5f1e,0,,
BRSME0100645,1,75bd5bf9-4b8d-46cf-99eb-bee86645cea0,0,,
BRSME9600384,1,b470bee5-45b2-498a-ad5e-6945df9aa7aa,0,,
BRSME8700062,1,976fa661-7611-4a85-9727-f21f669300b1,0,,
BRSME9800651,1,ddd13c2f-897a-41dd-b769-6d309b2da02d,0,,
BRPGD7100042,1,522286fb-ef55-4dab-833a-b21f3e58dbfb,1,1d9f024e-da91-4b28-8d78-b26d27eff62a,Acalanto
BROLA8300006,1,366831a7-c144-4edb-b673-065f5411c83e,1,2bae0c08-4698-490f-b4cd-eda779cb9861,A historia de Lily Braun
USESK1309301,0,,0,,
BRUM70900205,0,,0,,
BRPUI0600201,0,,0,,
QZNJZ2372791,0,,0,,
ESA031424566,0,,0,,
BRPUI0700145,0,,0,,
BRUM71600618,0,,0,,
BRUM70600848,0,,0,,
BRMCA6700199,0,,0,,
BRUM70601052,0,,0,,
BRMCA7000103,0,,0,,
BRUM70600845,0,,0,,
BRMCA8100183,1,d649dcdf-f97a-4ce1-a0f1-d8e5abc132fb,0,,
BRMCA6400103,0,,0,,
BRL4P1100004,0,,0,,
BRMCA7000114,0,,0,,
FR6V87600213,0,,0,,
BRMCA6800145,1,221d25a7-66f3-465b-b066-5fcb91ad900e,0,,
ESA031424557,0,,0,,
BRUM70600850,0,,0,,
BRPUI1800678,0,,0,,
ESA031424560,0,,0,,
ESA031424558,0,,0,,
BRMCA7800052,0,,0,,
BRL4P1100009,0,,0,,
BRMCA6900189,0,,0,,
BROLA8300008,1,3812dd0f-3099-4200-a295-6e3a776bd4e4,1,19a30697-0e43-4ea3-bb82-e6449eb07cf0,Meu namorado
BRMCA6800098,0,,0,,
BRL4P1100011,0,,0,,
BRMCA6700190,0,,0,,
BREMI7300618,0,,0,,
BRMCA8100181,1,5a26426b-afb6-4ca2-aec6-71d47b7f06ce,0,,
BRPUI1200425,0,,0,,
BROLA8300015,1,0a8eb1a0-0b6d-489d-9abe-e0e556bde73e,0,,
BRMCA7000111,0,,0,,
BRL4P1100005,0,,0,,
BRPUI1800686,0,,0,,
BRL4P1100002,0,,0,,
BREMI9400026,0,,0,,
BRBMG9300354,1,8fc9ac9e-2995-419b-b067-9388db9aecc1,1,1d1e0281-e345-4b22-aee9-063f2d7d51ac,Sobre todas as coisas
BRMCA6600180,0,,0,,
BRMCA6700163,0,,0,,
BRMCA6500168,0,,0,,
USESK1309289,0,,0,,
BRMCA8100175,1,4092eb15-e9f6-40c0-9b8d-5cf644ddd90b,1,6c08421f-6f71-3331-b9db-d48481daf552,Pra dizer adeus
BRGPG1900016,0,,0,,
BRUM71200158,0,,0,,
BRGPG0600004,0,,0,,
BRMCA7400029,1,328ec477-7e50-4253-8f9a-afd4ff9873d2,1,52e2a03d-319f-42f7-8c40-e1b8147a9d7e,Barato total
BRGPG7800002,0,,0,,
BRMCA6900260,0,,0,,
BRGPG0600005,0,,0,,
BRWMB0700510,0,,0,,
BRPGD6900011,1,5a29ead3-8dae-4095-95e5-b5b57045c57e,1,8e141c36-9c32-4049-8b17-11c92c03d6ca,"Divino, maravilhoso"
BRPGD9900845,1,43d64f55-d90a-46ec-a5e0-261a85cdb1cd,1,3d761319-996e-473f-9abb-80dec94763d5,Eu vim da Bahia
BRWMB9701924,0,,0,,
BRWMB9701876,0,,0,,
BRWMB9900486,0,,0,,
BRWMB9701922,0,,0,,
BRMCA7300009,0,,0,,
BRWMB0000686,1,b315d0ff-0bb8-4455-890c-bc1577642d4a,0,,
BRWMB9701580,0,,0,,
BRMCA7500004,0,,0,,
BRMCA6700791,0,,0,,
BRWMB9900457,0,,0,,
BRMCA8000096,0,,0,,
BRWMB9901129,0,,0,,
BRWMB9701866,0,,0,,
BRMCA7400149,2,a099b541-9a51-4ad6-b314-5b159d08c451 9c9b55b7-d4bb-4ae7-856f-6c38b27e0ba5,0,,
BRWMB9701926,0,,0,,
BRWMB9701934,0,,0,,
BRGPG0600003,0,,0,,
BRPGD6700012,0,,0,,
BRWMB9705415,0,,0,,
BRWMB9900485,0,,0,,
BRGPG7900006,0,,0,,
BRWMB9701569,0,,0,,
BRWMB9701874,0,,0,,
BRWMB9701575,0,,0,,
BRGPG7900001,0,,0,,
BRGPG0500001,0,,0,,
BRWMB9701872,0,,0,,
BRPGD7200010,1,d59dc0b1-45a6-4e22-9cba-1f6ce64d1993,0,,
BRWMB9900455,0,,0,,
BRPGD6800025,0,,0,,
BRPGD7200008,1,1220f186-2a13-41b8-84cb-7515a8e2e7b6,1,a07b84f6-a5f2-3503-b604-5637069c3040,Expresso 2222
BRPGD6700011,0,,0,,
BRMCA7300158,0,,0,,
BRWMB9701865,0,,0,,
BRGPG7900017,0,,0,,
BRUM70601099,1,5b90b72c-0866-4b74-b1ac-14be910d71a2,0,,
BRGPG7900007,0,,0,,
BRGPG2300003,0,,0,,
USPR36500060,4,7b20522e-b7e6-419a-a011-12a77e2844f7 0a63fe5c-ffc7-4a0e-bc6f-544dc8a6c7cd 85205c46-6a91-4718-b312-12ed78fb61c2 e0d716a7-f735-4e89-94ac-8f3e587cc37f,1,8bbf6da7-aab1-394b-9bb6-ddfea5477fa1,Água de beber
BRMCA8100174,1,e67195ad-8776-451d-8904-6af97e9d4c50,0,,
USWB17500018,0,,0,,
USPR38682016,0,,0,,
USWWW0137138,0,,0,,
BRMCA7400161,1,300fa169-4869-418e-87f6-3392a4fb36ac,1,22adf5ba-3780-3c2c-a380-4a4d29d1c4b0,Brigas nunca mais
DETL61612042,0,,0,,
USPR39302722,0,,0,,
BRJ9B0500015,1,442a84d0-28f1-4902-8fa3-eef41644fdee,0,,
BRJ9B0500002,1,1f270cf8-67a5-494c-aca1-66d71f67eeb2,1,768cf901-2e16-36ee-8e5a-f8de66f4a00c,Chega de saudade
BRMCA7400158,1,495fba83-45cb-492b-a6da-28af60165532,1,c93c9224-5608-36ee-980a-3dbba3c603e5,Corcovado
BRCID8800053,0,,0,,
BRJ9B0500018,1,dcafeedb-7bbd-4e8e-9ec3-23b61781ecd4,0,,
BRJ9B0500023,1,a6b8bfcc-1b24-4d20-936c-016f33f1b070,1,807b8169-cb39-30c7-a9e2-d8491fc97651,Desafinado
USWB17900026,1,14dabc93-5f7b-4713-8239-6c95f8c7bf1b,0,,
FR6V81331900,0,,0,,
BRBMG7700022,1,8e406786-3889-4d41-adc3-7a8356abb9ab,1,8c438229-2914-4fb5-a34c-924a10596fce,É preciso dizer adeus
BRMCA6700162,0,,0,,
DETL61612048,0,,0,,
BRJ9B0500020,1,5ae5c8a6-8895-402b-8626-b90b9e0c3f9d,1,dd4d342c-4d28-4799-b8f3-f179b5a7e5f4,Estrada do Sol
ES58A2101911,0,,0,,
BRJ9B0500014,2,267a32cb-4a76-4350-84cb-fda019ccdd85 b6d038b4-7c18-4d2c-a180-89566e0e8496,1,e8a0659c-277c-3466-9667-3cb48b68f125,Eu sei que vou te amar
BRJ9B0500005,1,3c690cbc-19ba-4653-9fbe-470d0a8f51ab,1,041c76df-2a1e-34dd-b482-07c15b151ee2,Garota de Ipanema
ES71G1306598,0,,0,,
ARG991015716,0,,0,,
BRLUM9300027,0,,0,,
BREMI5600086,0,,0,,
USWB17500016,0,,0,,
BRROF0600081,1,c0029799-dde0-4c98-ad4b-d9a0e1f0a1da,0,,
USPR38605204,0,,0,,
BRMCA6400214,2,7873949e-1aec-4183-8302-1830cae9b86c 5fb24a25-ad68-444a-8440-8365e00d8943,1,87c15f26-e79a-34db-843c-6884186c94bd,Meditation
BRMCA7400156,1,79d97e8c-33cd-4d22-82e0-0cf79a8ce01a,1,bfd483bc-18aa-3ca1-91ce-4133b4a5a8f0,Modinha
USPR36307064,2,467c77bb-9f1b-41d1-a75b-6e31684a4188 8249bd8e-9a73-4b6a-9300-84f5de090e86,1,dbe9bfaf-448f-32e9-89cb-2493155d053d,O amor em paz
BRMCA7400154,1,528cc54c-e303-4840-861a-be3b58c3e924,1,bd6b3371-eee5-42f5-bf90-211ce78cf82b,Pois é
BRJ9B0500003,1,12f234e5-4e28-4302-962d-90d0afc0f049,1,091deb8d-4ffb-3b5d-8979-a6992eaf61ba,Sabiá
BRJ9B0500022,1,12e209bb-98fb-4496-a959-886d11c09321,1,c41e313a-d429-3283-9c39-a5ec4e4b0437,Samba de uma nota só
BRJ9B0500004,1,b43891dd-8631-46f5-92ec-df390eba670f,1,210d3b3f-d0ed-371b-9395-6af9692730b9,Samba do avião
BREMI6400032,0,,0,,
BRSME9400282,0,,0,,
BRMCA7400001,2,a55ab24b-d9c6-43b0-9eb1-81bcb555ef54 835b162e-9d60-4695-a30a-38c4382cbab7,1,29157681-36a7-3dd1-a3ef-236bc9035990,Só tinha de ser com você
GBBLY0602875,0,,0,,
QMDA61320330,0,,0,,
BRMCA7400157,2,a9179221-58d8-45c0-8cec-66d736b60839 d63bc43f-e202-43a4-8dd9-48b5c62fc33c,1,2e7d6d15-b904-31b1-a763-ec5049ff1316,Triste
USF096325420,1,cc0ca1f8-9fc0-41b5-a815-b7ea527439f8,1,6505ce53-f8a2-3b61-bde4-03f5222f3d21,Vivo sonhando
USWB17900030,1,a69c44f5-c33a-4110-8a7a-234f4e1adf7e,0,,
BRJ9B0500001,1,c7671259-4105-42cc-a4d8-0a75ed3519a7,0,,
NLEA21000027,0,,0,,
BREMI7900043,0,,0,,
BRBMG7400021,1,d47f2a3b-5d5a-48dd-adbd-1376e5d467e5,0,,
BRESM0700096,0,,0,,
BRMCA7000059,0,,0,,
BRMCA8800059,0,,0,,
BRMCA8100112,0,,0,,
BRVLS9500596,0,,0,,
BRVLS9400622,0,,0,,
BREMI8000027,0,,0,,
USCGJ2180617,0,,0,,
BREMI7700563,1,a1e139bb-2b9d-43d7-9506-a5b92d0255a5,0,,
BRMCA8100107,0,,0,,
BRMCA8300081,0,,0,,
BREMI7700022,1,3ee821bb-45bf-41f4-9937-df0cf0a64988,0,,
BRMCA8300082,0,,0,,
BRBMG7400040,0,,0,,
BRMCA8800067,0,,0,,
BREMI7800152,0,,0,,
BREMI7700565,1,06dfc29e-6218-4c5a-8d65-2370ed016742,0,,
BRPGD8700002,0,,0,,
UKDNQ1537574,0,,0,,
BRVLS9500601,0,,0,,
BRMCA8300087,0,,0,,
BRMCA7100150,2,68f76800-db1d-4d31-a3f8-41bc1bdc8f08 901f5886-a973-4bed-b6b0-59a411274cca,0,,
BXDFC1900007,0,,0,,
USCGJ0527254,0,,0,,
BREMI8000028,0,,0,,
BRPGD7000007,0,,0,,
BREMI0400912,0,,0,,
BRFIN1600083,0,,0,,
BREMI7900039,0,,0,,
BREMI8000169,0,,0,,
CH0580800067,0,,0,,
BRBMG7400042,0,,0,,
BREMI7700101,1,5e4f235e-2ebb-4f24-b845-32b899cac91c,0,,
BREMI7900044,0,,0,,
BRVLS9400628,0,,0,,
BREMI7900041,0,,0,,
BREMI8000170,0,,0,,
BREMI7700034,1,f3d678c4-da55-44ae-b431-f8d2e703ab65,0,,
BRMCA8300083,0,,0,,
BRVLS9500602,0,,0,,
BREMI7800021,0,,0,,
BREMI7800022,0,,0,,
BREMI7800113,1,7b3349a9-7b9c-42bb-9a18-7e3728c6cd77,0,,
BRSME9000116,0,,0,,
BRMCA8100287,0,,0,,
BREMI7100095,1,98eec9fa-5a8b-472e-b62f-7d229ae78511,1,096e81a5-e2a8-4e54-91a5-d50c379d86f5,Cais
BREMI7800106,1,80a94394-5c87-4db3-98aa-1fbdc3275919,0,,
BRMVM0200009,0,,0,,
BRMCA7700190,1,afdc0254-ec2d-4bb8-b773-3d6efbcb62e8,0,,
BREMI7100165,2,b84a8b31-7eaf-4b1f-b2a7-7ed07f5d531c 3e94d50c-3e36-472e-a2d7-1873006790f5,1,6fe82df3-ed02-4b4a-b0d8-8161a494c473,Clube da Esquina №2
BRMCA8900029,0,,0,,
BREMI7800169,1,7752a1d7-b3e1-4471-bfc8-8f8cdc3dc5d8,1,2710e45f-c6d7-416d-a007-aa0cdbcfc01c,Credo
BRMVM0200002,0,,0,,
BRSME8700027,0,,0,,
BREMI7800174,1,6a888937-d3b0-4c3f-abe3-a7f45524c208,0,,
BREMI7800105,3,18115313-642a-4651-a370-aaf0b325c996 7af61914-a87e-48ec-9b27-c79e4b401d4a 1d55ff8b-c5e3-4a9e-8205-c081e5797d23,1,35d6ba7c-4105-4b1e-bff7-c94d0237b8a5,"Maria, Maria"
BREMI7000313,0,,0,,
BRUM71704475,0,,0,,
BRMVM0200006,1,3fa3aba5-bfbe-4f5e-907c-ca05d89a65b3,0,,
BREMI7100543,2,2c59dcf4-6873-4efa-a468-b128c9fd42c0 1fde950e-9f99-4d33-862a-d7fe02bd9da1,1,ff2f5c53-60b8-3be7-b064-df35d40df8bd,Nada será como antes
BRMCA8200192,1,1eef128e-efb7-4d6d-8239-374818fc52af,1,d420b72e-ae41-4717-8094-a26f90e8ed41,Olha
BREMI7100166,1,a2f25e4a-3a3e-4626-8e5c-16f19aa0edde,1,9e97fab3-70b7-4a03-b8d7-c1da3be0e1af,Os povos
BRMVM0200010,0,,0,,
USSJ10500559,0,,0,,
BRPGD7700018,1,887e54ca-6c02-4009-ba85-16f71bf9025d,1,3c9d2691-10b7-4f3f-8c1b-31e1c666e4d4,Primeiro de maio
USAM16900025,0,,0,,
BRSME8700029,0,,0,,
BRPGD8000048,2,d69c1898-f899-4a39-97d8-17ccc06ced2b 66e74f01-1d45-4355-83aa-990b62876344,1,b1249301-27c7-43e4-a989-28a1bb16e085,Roupa Nova
BREMI7500679,1,38eed99a-1473-459d-be4d-d270d2878a29,0,,
BREMI6900344,0,,0,,
BREMI7000317,0,,0,,
BRMVM0200004,1,06dd0ef0-50b4-47b7-93f8-fb2f491a93a5,0,,
BRMVM0200001,0,,0,,
USSJ10500551,0,,0,,
BREMI7100127,1,8a609eb4-6106-4d85-b6b4-02f401300d5c,1,bf88f0f7-697d-4761-8e5a-60d37fe97632,Um gosto de Sol
USAM16900021,0,,0,,
BRUM70500211,0,,0,,
BRUM70600791,0,,0,,
BREMI7100168,1,6d8bc5e1-9ca3-438b-8298-72a21af5821b,1,460fa763-9bc2-4a2e-8bf4-ca62362798a1,Pelo amor de Deus
BREMI7100097,1,663fe6a8-c7c3-47b8-a025-252cd679c336,1,86d86b37-1171-3d53-bbda-42bd9050bd18,Cravo e canela
USGR10000324,0,,0,,
BREMI7100163,1,5c5d114b-ad0b-4f5a-8818-ab57cc6a680d,1,513299a5-fba9-4011-838f-54c34826dba3,San Vicente
USSJ10500554,0,,0,,
BREMI7100171,1,27fb0677-9717-4f21-8ef8-04f843b9fd9c,1,8f31829c-9ccd-3df9-9bd1-f9645d3049f8,Ao que vai nascer
USWB10104904,1,8c031377-9488-401f-b6f9-00db24da8383,1,f2aab6da-17e6-400a-97f3-2ecc22c68fd6,Coisas de Minas
USWB19601172,0,,0,,
USWB10104901,1,05857cb3-0bbd-47f9-8870-f895363fa044,1,726196f2-b93a-4d34-8593-a106cbef051c,Estrelada
BRMVM0200007,0,,0,,
BREMI7500681,1,582128ef-dac6-497b-9181-2a4000014174,0,,
BREMI7100169,1,d08f5daf-e25f-42ce-b2d5-83adba1014da,1,6a419e80-0104-4885-87bc-483dbb921653,Lilia
BREMI7800567,0,,0,,
BREMI7800554,0,,0,,
BREMI7500063,1,e9e22cb2-af9d-4685-9938-aa694f2c53c4,0,,
BRWMB9804411,0,,0,,
BREMI8100786,2,9188219a-5d39-46df-a70e-9fb16895e6d0 ccbc8109-67ef-487b-a07d-8c50713367ad,1,91466add-dacd-473a-92ba-bd47379747aa,Banho de espuma
BREMI8700063,0,,0,,
BREMI7600657,1,3851bb4b-8c31-485a-9c86-9cadfac56918,0,,
BREMI7800052,0,,0,,
BREMI8300075,3,62bdf2cf-08f0-4033-b371-fd094609ecaf 234ecfc0-8d3a-4707-a09f-fa26eb2dfbcc 15b01d1a-d80a-4b9f-a991-56cbec6fd5c1,0,,
BREMI7900076,4,97d993cc-100f-4d65-a2e5-ed6a8c679508 c87a3e50-fe11-4de7-87e6-a3dafcaa9f1c 8075d2cf-1a35-4fbf-b55d-4a2eaf82d163 64302cbe-7a36-44a9-b51c-7cb9962ff687,1,7ac92ea4-34c1-4169-8d3c-4f59da8e478a,Doce vampiro
BREMI7500064,2,644fba9e-6e91-49e2-8c26-369cf652c167 8b0b3d54-07ae-4a5b-8e4b-596b804ef91a,0,,
BREMI8200106,2,07a1c152-5c58-48fc-afbd-281c2afcf616 1bda402b-4832-4ed0-a0b6-7ef981af94a7,0,,
BREMI7800053,2,3041fb77-4369-43d0-b1c7-4793c0c7276b 0f486af1-c8c3-4dad-9c18-318adc6ae114,0,,
BRPGD7400006,0,,0,,
BRPGD7400037,1,92bfec47-5b24-4652-ade8-0be8051bd002,0,,
BREMI7800161,1,45d38b80-97f6-4ad1-bea6-ce866fe53466,0,,
BREMI8100787,2,d938c103-0515-451a-b17c-d3217ab01896 90b03449-4a8a-4411-af1d-e002e7586377,0,,
BREMI7500065,2,9430aba2-0001-460c-93d7-711affc80174 24e97855-2724-4369-a92b-e95b0f4807ee,0,,
BREMI8700318,1,71ca42f2-13bf-402b-a3e9-5d563ba1309e,0,,
BREMI8100976,2,09bd70eb-9556-4366-8696-61765d5064b3 00b742fc-5327-44ef-a49e-b5655c46873f,0,,
BREMI8000532,1,a6fdc6a4-f013-4f87-b83f-884ad616d8b0,0,,
BRRGE7800258,0,,0,,
BREMI8282047,1,d77a57a1-f184-4a14-a7c6-2ad81a2ac7b4,0,,
BREMI7900078,2,4b37d1cd-72ca-467e-b00f-4d1639b55091 34e9fd23-d23a-4b67-b2e1-62e40b4ba72d,1,77c7857e-e0b7-4943-93a2-6d2df8c96b23,Chega mais
BRWMB9600941,1,e131041a-369c-430f-9696-6d6cae433019,0,,
BRPGD7000016,2,50d01c89-933a-472f-a357-50513ccb6fe0 c2fef2f8-46a9-4fcb-8df4-4be33370f9c7,1,5674a1e9-a6fe-3b38-8135-71d14fb8e4f3,Ando meio desligado
BRUM71500916,0,,0,,
BREMI7800069,4,99a61bd2-89ed-4922-972b-20a598eaac02 3a2b0d78-162d-4e95-989b-f4fe4e8f36d7 7de12ede-66e6-4a08-a46c-ae93ebe36905 702f004c-0966-4c71-9c7c-03874c8bd86d,0,,
BRPGD7200054,0,,0,,
BREMI8282045,2,f5ec69c8-755b-423c-9e98-565384240057 5dcb2ee3-f52a-4bb9-a0a4-730c3b109d5e,0,,
BR3442000014,0,,0,,
BREMI8000533,2,dd6d60e8-6823-4421-849d-c696370b9d82 260b4428-3bb0-48b1-8deb-379f8095d686,0,,
BREMI8202119,1,7b53a255-f0dd-4f8a-8405-d9230c129666,0,,
BREMI7800663,0,,0,,
BREMI8000030,5,7cef39fb-21fb-48d9-ac89-a8c9178963dd 80f144de-a740-4d60-b230-f88eaf6c8fcd 3051615f-1612-4741-88df-5a927c931934 5a977a5b-5caa-434d-8e4e-99d9f6fface0 4df01a52-acfe-4848-aacd-9621b730f2ae,0,,
BREMI7500046,4,1d0c981b-9234-437f-a05f-c49bb72176d2 b6c1df02-6bc0-43a8-a85a-5f7f8888956f 4edafae3-fde7-49b9-9958-e18643d101c5 12fd435c-31ec-4a69-9994-52d02a21d1e4,1,556315ed-12fb-4270-a50d-f88cfe0cb26d,Mania de você
BREMI8000065,1,739f8af1-b184-40eb-97be-1893bd2dd1a5,0,,
BREMI8000535,2,3f70aac7-b44e-4ec7-ac22-772b5fe07e0d 6a86ec90-ea42-4c1a-b194-09efa4d21bba,0,,
BREMI7900536,2,5ef92163-973d-4abb-b340-f9d5f3338860 b9b11a7b-a6e1-4c7e-8d75-d1ffb77d14af,1,33b1b541-d3cb-4fcc-bca7-eba62ac7dee9,"Papai, me empresta o carro"
BRWMB9705413,0,,0,,
BREMI9000220,0,,0,,
BREMI8282048,2,f74dc680-263a-42ba-8115-2ddd92e5ae98 7d57cb5c-85a9-4fac-aad2-d806ac21bfcf,0,,
BREMI8100978,1,81054192-83e3-40d3-9056-1a23c8713b16,0,,
BREMI7900537,2,cc91faf9-0706-4f85-87a9-2266ed7e3782 4086f3b1-4ed6-492f-aac0-bd3260f1ffd4,1,0726ea94-0df2-414c-a553-afec32873f65,Corre‐corre
BRMCA8100233,1,c918a9f9-ced6-4510-ac98-42031ba9dc1a,0,,
BRUM71500920,0,,0,,
BRUM70600490,0,,0,,
BREMI8700322,2,e2b43181-b0b6-476b-bed8-9d14d4eb252e a1706554-90c6-4417-99a9-a4057d039535,0,,
BREMI7500738,0,,0,,
BREMI8800374,1,7ea89905-52c3-4b10-a678-90610f473c15,0,,
BREMI7800600,0,,0,,
